activity_id,customer_id,contact_id,opp_id,activity_type,date,owner,summary,next_action,next_action_date
ACT-001,C-001,CT-001,OPP-001,电话,2026-06-15,SL-2021-045,周建国总经理来电咨询电池车间二期扩建温湿度监测方案，介绍 SL-T100 + SL-GW500 组合,准备需求确认书并安排现场勘测,2026-06-18
ACT-002,C-001,CT-002,OPP-001,拜访,2026-06-20,SL-2021-045,赴苏州华智现场勘测，李慧敏采购总监陪同，确认 80 个温湿度监测点 + 2 台网关部署方案,出具正式报价单,2026-06-25
ACT-003,C-001,CT-002,OPP-001,报价,2026-06-26,SL-2021-045,提交正式报价单 12.84 万元（SL-T100×80 + SL-GW500×2），含安装调试服务,跟进财务审核进度,2026-06-30
ACT-004,C-001,CT-002,OPP-001,电话,2026-07-02,SL-2021-045,李慧敏确认报价单已提交财务审核，预计 7 月 10 日前完成审核,等待财务审核结果,2026-07-10
ACT-005,C-001,CT-003,OPP-001,线上会议,2026-07-12,SL-2021-045,与张工生产技术部经理线上沟通技术细节，确认 Modbus RTU 接入客户 MES 方案，赵明阳售前技术支持参与,补充技术方案附件,2026-07-15
ACT-006,C-002,CT-004,OPP-002,拜访,2026-04-10,SL-2022-058,赴北京中粮冷链总部拜访李伟峰运营总监，介绍冷链温控追溯方案,提交方案建议书,2026-04-15
ACT-007,C-002,CT-005,OPP-002,线上会议,2026-04-18,SL-2022-058,与王丽设备采购经理线上沟通 6 个冷库部署方案，确认 SL-T100 NB-IoT 版本适用,出具报价单,2026-04-22
ACT-008,C-002,CT-005,OPP-002,报价,2026-04-25,SL-2022-058,提交报价单 13.92 万元，含 120 台 SL-T100 NB-IoT 版 + 6 台 SL-GW510,跟进审批,2026-04-30
ACT-009,C-002,CT-004,OPP-002,电话,2026-05-10,SL-2022-058,李伟峰通知报价已通过内部审批，准备签约,安排合同签订,2026-05-15
ACT-010,C-002,CT-005,OPP-002,电话,2026-06-28,SL-2022-058,王丽确认设备已全部到货并完成安装调试，进入验收阶段,跟进验收,2026-07-05
ACT-011,C-003,CT-006,OPP-003,拜访,2026-05-20,SL-2019-015,赴上海中海智慧能源拜访王志坚信息中心总经理，介绍 SL-CT800 边缘控制方案,提交技术方案,2026-05-28
ACT-012,C-003,CT-007,OPP-003,线上会议,2026-06-08,SL-2019-015,与陈晓东生产部副经理沟通变电站边缘控制需求，赵明阳售前技术支持参与，明确 3 台 CT800 + 5 台 GW500 方案,细化技术方案与报价,2026-06-18
ACT-013,C-003,CT-006,OPP-003,电话,2026-07-15,SL-2019-015,王志坚反馈技术方案通过内部初审，正在走采购流程,跟进采购流程,2026-07-30
ACT-014,C-004,CT-008,OPP-004,电话,2026-03-08,SL-2021-045,陈建华总经理来电咨询车间环境监测方案，介绍 SL-T100 + SL-P200 组合,安排现场勘测,2026-03-12
ACT-015,C-004,CT-009,OPP-004,拜访,2026-03-15,SL-2021-045,赴苏州智造精密拜访周美玲采购主管，确认 40 台 SL-T100 + 20 台 SL-P200 方案,出具报价单,2026-03-20
ACT-016,C-004,CT-009,OPP-004,报价,2026-03-22,SL-2021-045,提交报价单 6.08 万元，客户当周完成审批,跟进签约,2026-03-28
ACT-017,C-004,CT-008,OPP-004,电话,2026-05-20,SL-2021-045,陈建华确认设备已上线运行，满意度高，讨论二期扩建,安排二期回访,2026-06-10
ACT-018,C-005,CT-010,OPP-005,拜访,2026-06-25,SL-2022-058,赴深圳智链园区拜访黄丽萍运营总监，介绍 IBMS 能耗数据采集接入方案,提交方案,2026-07-02
ACT-019,C-005,CT-011,OPP-005,线上会议,2026-07-05,SL-2022-058,与李强工程部经理沟通 SL-GW500 + SL-DC600 接入既有 IBMS 方案，确认可行性,出具报价单,2026-07-10
ACT-020,C-005,CT-010,OPP-005,报价,2026-07-12,SL-2022-058,提交报价单 1.53 万元，含 1 台 SL-GW500 + 2 台 SL-DC600,跟进审批,2026-07-18
ACT-021,C-006,CT-012,OPP-006,拜访,2026-06-01,SL-2019-015,赴京东方总部拜访刘德海采购中心总经理，介绍洁净车间温湿度+气体监测方案,提交方案,2026-06-10
ACT-022,C-006,CT-013,OPP-006,线上会议,2026-06-12,SL-2019-015,与杨晓燕项目经理沟通技术细节，确认 SL-T100 + SL-G300 + SL-GW500 组合，赵明阳售前技术支持参与,细化方案并报价,2026-06-20
ACT-023,C-006,CT-012,OPP-006,报价,2026-06-22,SL-2019-015,提交报价单 16.8 万元，已通过销售经理审核，进入销售总监审批,跟进总监审批,2026-06-28
ACT-024,C-006,CT-013,OPP-006,电话,2026-07-05,SL-2019-015,杨晓燕通知方案已通过内部技术评审，等待采购审批,跟进采购流程,2026-07-20
ACT-025,C-007,CT-014,OPP-007,拜访,2026-02-15,SL-2021-045,赴顺丰冷链拜访张晓明运营总监，介绍冷库温控方案,提交方案,2026-02-22
ACT-026,C-007,CT-015,OPP-007,线上会议,2026-03-05,SL-2021-045,与刘海涛设备部经理沟通 30 台 SL-T100 部署方案,出具报价单,2026-03-12
ACT-027,C-007,CT-014,OPP-007,报价,2026-03-15,SL-2021-045,提交报价单 2.64 万元,跟进反馈,2026-03-25
ACT-028,C-007,CT-014,OPP-007,电话,2026-04-20,SL-2021-045,张晓明反馈选择了竞品方案，价格更低且含本安型选项,组织丢单复盘,2026-04-25
ACT-029,C-008,CT-016,OPP-008,拜访,2026-04-20,SL-2022-058,赴华润电力拜访赵立群信息中心总经理，介绍管网压力监测方案,提交方案,2026-04-28
ACT-030,C-008,CT-017,OPP-008,线上会议,2026-05-05,SL-2022-058,与孙伟生产技术部专责沟通 SL-P200 + SL-GW500 方案，确认 4G 上云可行性,出具报价单,2026-05-12
ACT-031,C-008,CT-016,OPP-008,报价,2026-05-15,SL-2022-058,提交报价单 7.92 万元,跟进签约,2026-05-22
ACT-032,C-009,CT-018,OPP-009,电话,2026-07-10,SL-2021-045,周伟生产部经理来电咨询车间温湿度监测方案，初步介绍 SL-T100,发送产品资料并安排下次沟通,2026-07-18
ACT-033,C-012,CT-021,OPP-010,拜访,2026-06-05,SL-2021-045,赴杭州未来科技城拜访郑文博建设部总经理，介绍能耗优化闭环控制方案,提交方案,2026-06-15
ACT-034,C-012,CT-022,OPP-010,线上会议,2026-06-20,SL-2021-045,与钱丽采购主管沟通 SL-GW500 + SL-CT800 方案，赵明阳售前技术支持参与,细化技术方案,2026-06-30
ACT-035,C-012,CT-021,OPP-010,电话,2026-07-12,SL-2021-045,郑文博反馈方案通过技术初审，预算审批中,跟进预算审批,2026-07-25
