contact_id,customer_id,name,title,department,phone,email,is_primary,decision_maker
CT-001,C-001,周建国,总经理,管理层,138-0512-1001,zhou.jg@huazhi-ev.com,是,是
CT-002,C-001,李慧敏,采购总监,采购部,139-0512-1002,li.hm@huazhi-ev.com,否,是
CT-003,C-001,张工,生产技术部经理,生产技术部,137-0512-1003,zhang.gong@huazhi-ev.com,否,否
CT-004,C-002,李伟峰,物流运营总监,运营部,139-0108-2002,li.wf@cofco-coldchain.com,是,是
CT-005,C-002,王丽,设备采购经理,采购部,138-0108-2005,wang.li@cofco-coldchain.com,否,是
CT-006,C-003,王志坚,信息技术部总经理,信息中心,137-0212-3003,wang.zj@zhonghai-energy.com,是,是
CT-007,C-003,陈晓东,生产运行部副经理,生产部,135-0212-3007,chen.xd@zhonghai-energy.com,否,否
CT-008,C-004,陈建华,总经理,管理层,135-0512-4004,chen.jh@szzhipao.com,是,是
CT-009,C-004,周美玲,采购部主管,采购部,138-0512-4009,zhou.ml@szzhipao.com,否,是
CT-010,C-005,黄丽萍,运营总监,运营部,136-0755-5005,huang.lp@sl-park.com,是,是
CT-011,C-005,李强,工程部经理,工程部,137-0755-5011,li.qiang@sl-park.com,否,否
CT-012,C-006,刘德海,采购中心总经理,采购中心,138-0100-6006,liu.dh@boe.com.cn,是,是
CT-013,C-006,杨晓燕,智能制造事业部项目经理,智能制造部,139-0100-6013,yang.xy@boe.com.cn,否,否
CT-014,C-007,张晓明,运营管理部总监,运营部,137-0755-7007,zhang.xm@sf-coldchain.com,是,是
CT-015,C-007,刘海涛,设备运维部经理,设备部,135-0755-7015,liu.ht@sf-coldchain.com,否,否
CT-016,C-008,赵立群,信息技术部总经理,信息中心,139-0755-8008,zhao.lq@cr-power.com,是,是
CT-017,C-008,孙伟,生产技术部专责,生产技术部,138-0755-8017,sun.wei@cr-power.com,否,否
CT-018,C-009,周伟,生产部经理,生产部,135-0200-9009,zhou.wei@gzmingyuan.com,是,是
CT-019,C-010,吴晓燕,园区运营部经理,运营部,136-0270-1010,wu.xy@whgg-bio.com,是,是
CT-020,C-011,孙建军,设备运维部经理,设备部,137-0280-1111,sun.jj@cdwlsy.com,是,是
CT-021,C-012,郑文博,园区建设部总经理,建设部,138-0571-1212,zheng.wb@hzwl-kjc.com,是,是
CT-022,C-012,钱丽,采购部主管,采购部,139-0571-1222,qian.li@hzwl-kjc.com,否,是
CT-023,C-013,马国强,生产技术部部长,生产技术部,139-0290-1313,ma.gq@xa-avic.com,是,是
CT-024,C-014,冯丽,智能制造部经理,智能制造部,135-0532-1414,feng.li@haier.com,是,是
CT-025,C-015,何明,技术部经理,技术部,137-0230-1515,he.ming@cqxb-energy.com,是,是
CT-026,C-016,邓文涛,招商运营部经理,运营部,138-0731-1616,deng.wt@csznzyc.com,是,是
CT-027,C-017,程晓辉,运营管理部经理,运营部,135-0592-1717,cheng.xh@xm-port.com,是,是
CT-028,C-018,范晓东,工程技术部经理,工程部,136-0250-1818,fan.xd@nj-jbxq.com,是,是
CT-029,C-019,韩志刚,工程管理部经理,工程部,137-0220-1919,han.zg@tjbh-invest.com,是,是
CT-030,C-020,沈丽萍,运营管理部主管,运营部,138-0371-2020,shen.lp@zz-logistics.com,是,是
