customer_id,company_name,industry,company_size,contact_person,phone,email,address,customer_level,status,owner,create_date,last_contact_date,total_orders,total_amount
C-001,华智新能源汽车制造有限公司,新能源汽车制造,5000人以上,周建国,138-0512-1001,zhou.jg@huazhi-ev.com,江苏省苏州市工业园区星龙街 588 号,S,活跃,SL-2021-045,2021-09-12,2026-07-20,8,2856000
C-002,中粮冷链物流集团股份有限公司,冷链物流,3000-5000人,李伟峰,139-0108-2002,li.wf@cofco-coldchain.com,北京市朝阳区朝阳门北大街 8 号,S,活跃,SL-2022-058,2022-03-15,2026-07-18,6,1980000
C-003,中海智慧能源股份有限公司,能源管理,10000人以上,王志坚,137-0212-3003,wang.zj@zhonghai-energy.com,上海市浦东新区世纪大道 1 号,S,活跃,SL-2019-015,2020-11-20,2026-07-22,5,3120000
C-004,苏州智造精密工业有限公司,智能制造,500-1000人,陈建华,135-0512-4004,chen.jh@szzhipao.com,江苏省苏州市吴中区越溪街道 88 号,A,活跃,SL-2021-045,2022-06-08,2026-07-15,4,685000
C-005,深圳市智链园区运营管理有限公司,智慧园区,200-500人,黄丽萍,136-0755-5005,huang.lp@sl-park.com,广东省深圳市南山区科技园南区 9 号,A,活跃,SL-2022-058,2022-09-20,2026-07-19,3,420000
C-006,京东方科技集团股份有限公司,电子制造,10000人以上,刘德海,138-0100-6006,liu.dh@boe.com.cn,北京市朝阳区酒仙桥路 10 号,A,活跃,SL-2019-015,2021-04-12,2026-07-10,5,1560000
C-007,顺丰冷链物流有限公司,冷链物流,1000-3000人,张晓明,137-0755-7007,zhang.xm@sf-coldchain.com,广东省深圳市福田区新洲十一街 8 号,A,活跃,SL-2021-045,2021-12-05,2026-07-21,3,890000
C-008,华润电力控股有限公司,能源管理,10000人以上,赵立群,139-0755-8008,zhao.lq@cr-power.com,广东省深圳市罗湖区深南东路 5001 号,A,活跃,SL-2022-058,2022-07-18,2026-07-16,2,1120000
C-009,广州明源智能制造有限公司,智能制造,200-500人,周伟,135-0200-9009,zhou.wei@gzmingyuan.com,广东省广州市黄埔区科学城科丰路 31 号,B,活跃,SL-2021-045,2023-02-10,2026-06-28,2,268000
C-010,武汉光谷生物科技园运营有限公司,智慧园区,100-200人,吴晓燕,136-0270-1010,wu.xy@whgg-bio.com,湖北省武汉市东湖高新区高新大道 818 号,B,活跃,SL-2022-058,2023-04-22,2026-07-05,1,158000
C-011,成都西部物流园有限公司,物流仓储,200-500人,孙建军,137-0280-1111,sun.jj@cdwlsy.com,四川省成都市龙泉驿区车城东七路 388 号,B,活跃,SL-2019-015,2023-05-15,2026-06-30,2,352000
C-012,杭州未来科技城投资集团有限公司,智慧园区,500-1000人,郑文博,138-0571-1212,zheng.wb@hzwl-kjc.com,浙江省杭州市余杭区文一西路 1500 号,B,活跃,SL-2021-045,2022-11-08,2026-07-12,2,425000
C-013,西安航空工业集团有限公司,航空制造,1000-3000人,马国强,139-0290-1313,ma.gq@xa-avic.com,陕西省西安市阎良区航空一路 8 号,B,活跃,SL-2022-058,2023-01-20,2026-06-25,1,580000
C-014,青岛海尔智家工业园,家电制造,5000人以上,冯丽,135-0532-1414,feng.li@haier.com,山东省青岛市崂山区海尔路 1 号,B,沉默,SL-2019-015,2022-08-30,2026-04-15,1,320000
C-015,重庆西部能源集团有限公司,能源管理,500-1000人,何明,137-0230-1515,he.ming@cqxb-energy.com,重庆市渝中区民族路 188 号,B,活跃,SL-2021-045,2023-03-18,2026-07-08,1,245000
C-016,长沙智能制造产业园管理有限公司,智慧园区,100-200人,邓文涛,138-0731-1616,deng.wt@csznzyc.com,湖南省长沙市岳麓区麓谷大道 662 号,C,活跃,SL-2022-058,2023-08-10,2026-06-18,1,86000
C-017,厦门港口物流园有限公司,物流仓储,100-200人,程晓辉,135-0592-1717,cheng.xh@xm-port.com,福建省厦门市湖里区东渡路 127 号,C,活跃,SL-2019-015,2023-10-05,2026-06-22,1,118000
C-018,南京江北新区产业投资集团有限公司,智慧园区,500-1000人,范晓东,136-0250-1818,fan.xd@nj-jbxq.com,江苏省南京市江北新区滨江大道 1 号,C,沉默,SL-2021-045,2023-06-12,2026-03-10,0,0
C-019,天津滨海新区建设投资集团有限公司,智慧园区,1000-3000人,韩志刚,137-0220-1919,han.zg@tjbh-invest.com,天津市滨海新区中心商务区融义路 166 号,C,沉默,SL-2022-058,2023-09-25,2026-02-28,0,0
C-020,郑州中部物流枢纽有限公司,物流仓储,200-500人,沈丽萍,138-0371-2020,shen.lp@zz-logistics.com,河南省郑州市航空港区华夏大道东段 88 号,C,活跃,SL-2019-015,2024-01-15,2026-07-03,1,72000
