opp_id,customer_id,product_interest,estimated_amount,stage,probability,owner,create_date,expected_close_date,notes
OPP-001,C-001,SL-T100×80+SL-GW500×2,128400,报价中,60,SL-2021-045,2026-06-15,2026-08-30,华智新能源电池车间二期扩建温湿度监测项目，已出具正式报价单待财务审核与销售经理审批
OPP-002,C-002,SL-T100×120+SL-GW510×6,139200,已成交,100,SL-2022-058,2026-04-10,2026-06-30,中粮冷链华北区域 6 个冷库温控追溯项目，已签约交付
OPP-003,C-003,SL-CT800×3+SL-GW500×5,67400,跟进中,40,SL-2019-015,2026-05-20,2026-09-30,中海智慧能源变电站边缘控制项目，客户技术评估中，需要售前技术支持协助方案细化
OPP-004,C-004,SL-T100×40+SL-P200×20,60800,已成交,100,SL-2021-045,2026-03-08,2026-05-15,苏州智造精密车间环境监测一期，已交付验收
OPP-005,C-005,SL-GW500×1+SL-DC600×2,15300,报价中,55,SL-2022-058,2026-06-25,2026-08-15,深圳智链园区 IBMS 能耗数据采集接入项目，报价单待财务审核
OPP-006,C-006,SL-T100×60+SL-G300×12+SL-GW500×3,168240,审批中,70,SL-2019-015,2026-06-01,2026-08-31,京东方洁净车间温湿度+气体安全监测项目，报价 16.8 万需销售总监审批
OPP-007,C-007,SL-T100×30,26400,已丢单,0,SL-2021-045,2026-02-15,2026-04-30,顺丰冷链某区域冷库项目，客户选择竞品（价格更低），已复盘原因：缺少本安型选项
OPP-008,C-008,SL-P200×40+SL-GW500×4,79200,已成交,100,SL-2022-058,2026-04-20,2026-06-30,华润电力管网压力监测项目，已签约交付
OPP-009,C-009,SL-T100×20,17600,线索,20,SL-2021-045,2026-07-10,2026-09-30,广州明源智能制造车间初步咨询，需求待确认
OPP-010,C-012,SL-GW500×2+SL-CT800×1,24400,跟进中,45,SL-2021-045,2026-06-05,2026-09-15,杭州未来科技城能耗优化闭环控制项目，方案沟通中
