order_id,customer_id,order_date,product_id,quantity,unit_price,total_amount,status,payment_status,delivery_date,sales_person,notes
ORD-2024-001,C-001,2024-02-20,SL-T100-MQTT,50,850,42500,已完成,已付款,2024-03-15,SL-2021-045,华智新能源电池车间一期温湿度监测项目首批部署
ORD-2024-002,C-002,2024-04-10,SL-T100-NBIOT,30,1280,38400,已完成,已付款,2024-05-20,SL-2022-058,中粮冷链华北区域冷库温控追溯项目首批
ORD-2024-003,C-003,2024-06-01,SL-CT800-STD,2,11100,22200,已完成,已付款,2024-07-10,SL-2019-015,中海智慧能源变电站边缘控制项目
ORD-2024-004,C-006,2024-08-15,SL-GW500-STD,5,5050,25250,已完成,已付款,2024-09-15,SL-2019-015,京东方洁净车间设备联网项目网关
ORD-2024-005,C-006,2024-08-15,SL-T100-MQTT,30,850,25500,已完成,已付款,2024-09-15,SL-2019-015,京东方洁净车间温湿度监测配套传感器
ORD-2025-001,C-001,2025-01-15,SL-P200-B,40,1280,51200,已完成,已付款,2025-02-28,SL-2021-045,华智新能源电池车间压力监测项目；客户反馈：设备精度稳定，安装便捷，售后响应及时，满意度评分 5/5
ORD-2025-002,C-003,2025-03-10,SL-GW500-LORA,3,5920,17760,已完成,已付款,2025-04-20,SL-2019-015,中海智慧能源变电站扩展项目含 LoRa 网关
ORD-2025-003,C-004,2025-03-22,SL-T100-RTU,40,760,30400,已完成,已付款,2025-05-15,SL-2021-045,苏州智造精密车间环境监测项目（对应 OPP-004）；客户反馈：SL-T100 在车间环境长期运行稳定，精度符合预期，希望后续支持无线版本，满意度评分 5/5
ORD-2025-004,C-004,2025-03-22,SL-P200-A,20,1100,22000,已完成,已付款,2025-05-15,SL-2021-045,苏州智造精密车间压力监测配套（对应 OPP-004）
ORD-2025-005,C-007,2025-05-20,SL-G300-1,12,2150,25800,已完成,已付款,2025-06-30,SL-2021-045,顺丰冷链制冷剂泄漏监测项目 CH4 单气体
ORD-2025-006,C-008,2025-05-15,SL-P200-B,40,1280,51200,已完成,已付款,2025-06-30,SL-2022-058,华润电力管网压力监测项目（对应 OPP-008）
ORD-2025-007,C-002,2025-10-10,SL-T100-NBIOT,60,1280,76800,已交付,部分付款,2025-11-20,SL-2022-058,中粮冷链华北区域冷库温控二期项目，已到货待验收
ORD-2026-001,C-001,2026-02-15,SL-GW500-STD,2,5050,10100,已交付,已付款,2026-03-10,SL-2021-045,华智新能源电池车间网关扩容
ORD-2026-002,C-002,2026-04-25,SL-T100-NBIOT,120,1280,153600,已交付,已付款,2026-06-30,SL-2022-058,中粮冷链 6 个冷库温控追溯项目（对应 OPP-002），已交付验收
ORD-2026-003,C-002,2026-04-25,SL-GW510-STD,6,2770,16620,已交付,已付款,2026-06-30,SL-2022-058,中粮冷链 6 仓配套小型网关（对应 OPP-002 配套）
ORD-2026-004,C-005,2026-07-10,SL-GW510-STD,4,2770,11080,生产中,部分付款,2026-08-15,SL-2022-058,深圳智链园区 IBMS 能耗采集接入项目配套网关
ORD-2026-005,C-011,2026-06-20,SL-DC600-STD,3,3910,11730,已发货,部分付款,2026-07-20,SL-2019-015,成都西部物流园数据采集项目
ORD-2026-006,C-012,2026-07-05,SL-GW500-STD,2,5050,10100,待生产,未付款,2026-09-15,SL-2021-045,杭州未来科技城能耗优化项目首批网关
ORD-2026-007,C-015,2026-06-10,SL-T100-RTU,25,760,19000,已交付,已付款,2026-07-08,SL-2021-045,重庆西部能源集团温湿度监测项目
ORD-2026-008,C-020,2026-06-15,SL-GW510-STD,2,2770,5540,已完成,已付款,2026-07-03,SL-2019-015,郑州中部物流枢纽网关项目
